{"cameraMode":{"drawMode":0,"name":"Shaded","section":"Shading Mode"},"sceneLighting":true,"audioPlay":false,"sceneViewState":{"showFog":true,"showMaterialUpdate":false,"showSkybox":true,"showFlares":true,"showImageEffects":true,"showParticleSystems":true},"in2DMode":false,"pivot":{"x":-0.07602828741073609,"y":-0.01903473399579525,"z":-0.31740662455558779},"rotation":{"x":0.24344974756240846,"y":-0.02472987212240696,"z":0.006207043305039406,"w":0.9695887565612793},"size":0.27455374598503115,"orthographic":true}